[

    {
        "fields": {
            "name": "main"
        },
        "model": "dashboard.dashboard",
        "pk": 1
    },
    {
        "fields": {
            "column": 1,
            "dashboard": 1,
            "height": "tall",
            "row": 1,
            "settings": "{\"text\":\"<p>Some of these rumours are also being addressed in the Internews HIS narrowcast programme \\u2018Bala-Bura\\u2019 (played in listening groups throughout the camps) and the Internews HRSM radio programme \\u2018Talking Peace\\u2019 (every Monday 16.00h on Radio Naf).</p><p>Heard a rumour? Want to give feedback? Please send your rumours, questions and feedback to <a href='mailto:bd-rumours@internews.org'>bd-rumours@internews.org</a></p>\",\"html\":true,\"title\":\"Situation Report: 26-Sep-2018\"}",
            "widget_type": "basic-text-widget",
            "width": 4
        },
        "model": "dashboard.widgetinstance",
        "pk": 1
    },
    {
        "fields": {
            "column": 0,
            "dashboard": 1,
            "height": "tall",
            "row": 1,
            "settings": "{\"taxonomy\":\"sudan\",\"exclude_categories\":[\"Unknown\"],\"periods\":[{\"start_time\":\"2018-09-13\",\"end_time\":\"2018-09-20\"}],\"title\":\"All feedback (recent)\"}",
            "widget_type": "term-count-chart",
            "width": 8
        },
        "model": "dashboard.widgetinstance",
        "pk": 2
    },
    {
        "fields": {
            "column": 0,
            "dashboard": 1,
            "height": "tall",
            "row": 2,
            "settings": "{\"count\":25,\"order_by\":\"-timestamp\",\"filters\":{},\"title\":\"Recent Updates\"}",
            "widget_type": "table-widget",
            "width": 12
        },
        "model": "dashboard.widgetinstance",
        "pk": 3
    },
    {
        "fields": {
            "column": 0,
            "dashboard": 1,
            "height": "tall",
            "row": 3,
            "settings": "{\"taxonomy\":\"sudan\",\"exclude_categories\":[\"Unknown\"],\"periods\":[{\"start_time\":\"1970-01-01\",\"end_time\":\"2100-01-01\"}],\"title\":\"All feedback\"}",
            "widget_type": "term-count-chart",
            "width": 12
        },
        "model": "dashboard.widgetinstance",
        "pk": 4
    },
    {
        "fields": {
            "label": "kobo",
            "profile": "{\"name\":\"Kobo\",\"format\":\"excel\",\"label\":\"kobo\",\"skip_header\":2,\"taxonomies\":{},\"columns\":[{\"field\":\"timestamp\",\"type\":\"date\",\"name\":\"start\",\"date_format\":\"%Y-%m-%dT%H: %M: %S.%f%z\"},{\"field\":\"ignore\",\"type\":\"ignore\",\"name\":\"end\"},{\"field\":\"ignore\",\"type\":\"ignore\",\"name\":\"username\"},{\"field\":\"body\",\"type\":\"text\",\"name\":\"What is the feedback or rumour?\"},{\"field\":\"ignore\",\"type\":\"ignore\",\"name\":\"date\"},{\"field\":\"gender\",\"type\":\"text\",\"name\":\"gender\"},{\"field\":\"age\",\"type\":\"text\",\"name\":\"Age\"},{\"field\":\"location\",\"type\":\"text\",\"name\":\"Location\"},{\"field\":\"contributor\",\"type\":\"text\",\"name\":\"comment\"},{\"field\":\"ignore\",\"type\":\"ignore\",\"name\":\"_id\"},{\"field\":\"external_id\",\"type\":\"text\",\"name\":\"_uuid\"},{\"field\":\"ignore\",\"type\":\"ignore\",\"name\":\"_submission_time\"},{\"field\":\"ignore\",\"type\":\"ignore\",\"name\":\"_validation_status\"},{\"field\":\"ignore\",\"type\":\"ignore\",\"name\":\"_index\"}]}"
        },
        "model": "chn_spreadsheet.sheetprofile",
        "pk": 3
    },
    {
        "model": "chn_spreadsheet.sheetprofile",
        "pk": 6,
        "fields": {
            "label": "ssudan",
            "profile": "{\"name\": \"South Sudan\", \"format\": \"excel\", \"label\": \"ssudan\", \"skip_header\": 2, \"taxonomies\": {}, \"columns\": [{\"field\": \"timestamp\", \"type\": \"date\", \"name\": \"start\", \"date_format\": \"%Y-%m-%dT%H: %M: %S.%f%z\"}, {\"field\": \"ignore\", \"type\": \"ignore\", \"name\": \"end\"}, {\"field\": \"location\", \"type\": \"text\", \"name\": \"Location\"}, {\"field\": \"sub_location\", \"type\": \"text\", \"name\": \"Sub-location\"}, {\"field\": \"terms\", \"type\": \"taxonomy\", \"name\": \"Location Type\", \"taxonomy\": \"tags\"}, {\"field\": \"collection_type\", \"type\": \"text\", \"name\": \"Collection Type\"}, {\"field\": \"gender\", \"type\": \"text\", \"name\": \"Gender\"}, {\"field\": \"terms\", \"type\": \"taxonomy\", \"name\": \"Age\", \"taxonomy\": \"age-ranges\"}, {\"field\": \"ignore\", \"type\": \"ignore\", \"name\": \"Date\"}, {\"field\": \"body\", \"type\": \"text\", \"name\": \"Feedback Text\"}, {\"field\": \"ignore\", \"type\": \"ignore\", \"name\": \"Staff Name\"}, {\"field\": \"terms\", \"type\": \"taxonomy\", \"name\": \"Cluster\", \"taxonomy\": \"sudan\"}, {\"field\": \"ignore\", \"type\": \"ignore\", \"name\": \"Cluster/Camp Coordination and Camp Management (CCCM)\"}, {\"field\": \"ignore\", \"type\": \"ignore\", \"name\": \"Cluster/Education\"}, {\"field\": \"ignore\", \"type\": \"ignore\", \"name\": \"Cluster/Emergency Shelter and NFI\"}, {\"field\": \"ignore\", \"type\": \"ignore\", \"name\": \"Cluster/Food Security and Livelihoods (FSL)\"}, {\"field\": \"ignore\", \"type\": \"ignore\", \"name\": \"Cluster/Health\"}, {\"field\": \"ignore\", \"type\": \"ignore\", \"name\": \"Cluster/Nutrition\"}, {\"field\": \"ignore\", \"type\": \"ignore\", \"name\": \"Cluster/Protection\"}, {\"field\": \"ignore\", \"type\": \"ignore\", \"name\": \"Cluster/Security\"}, {\"field\": \"ignore\", \"type\": \"ignore\", \"name\": \"Cluster/Water Sanitation Hygiene (WASH)\"}, {\"field\": \"ignore\", \"type\": \"ignore\", \"name\": \"Cluster/Sub-Cluster Child Protection\"}, {\"field\": \"ignore\", \"type\": \"ignore\", \"name\": \"Cluster/Sub-Cluster Gender Based Violence\"}, {\"field\": \"ignore\", \"type\": \"ignore\", \"name\": \"Cluster/Sub-Cluster Housing, Land and Property\"}, {\"field\": \"ignore\", \"type\": \"ignore\", \"name\": \"Cluster/Sub-Cluster Mine Action\"}, {\"field\": \"terms\", \"type\": \"protection_concern\", \"name\": \"\\u26a0  Is this a protection concern? \\u26a0\"}, {\"field\": \"ignore\", \"type\": \"ignore\", \"name\": \"PROTECTION CONCERN\"}, {\"field\": \"terms\", \"type\": \"taxonomy\", \"name\": \"Tags\", \"taxonomy\": \"tags\"}, {\"field\": \"ignore\", \"type\": \"ignore\", \"name\": \"__version__\"}, {\"field\": \"ignore\", \"type\": \"ignore\", \"name\": \"_id\"}, {\"field\": \"ignore\", \"type\": \"ignore\", \"name\": \"_uuid\"}, {\"field\": \"ignore\", \"type\": \"ignore\", \"name\": \"_submission_time\"}, {\"field\": \"ignore\", \"type\": \"ignore\", \"name\": \"_validation_status\"}, {\"field\": \"ignore\", \"type\": \"ignore\", \"name\": \"_index\"}]}"
        }
    },

    {
        "fields": {
            "name": "main"
        },
        "model": "tabbed_page.tabbedpage",
        "pk": 1
    },
    {
        "fields": {
            "default": false,
            "label": "Feedback",
            "name": "feedback",
            "page": 1,
            "position": 2,
            "settings": "{\"label\":\"Feedback\",\"columns\":[\"select_item\",\"timestamp\",\"body\",\"translation\",\"category\",\"tags\",\"feedback_type\",\"gender\",\"age\",\"location\",\"contributor\",\"collection_type\",\"external_id\"],\"filters\":{\"terms\":[]},\"dynamic_filters\":[\"time_range\",\"category\",\"tags\",\"gender\",\"feedback_type\",\"age_range\",\"location\",\"contributor\",\"collection_type\",\"external_id\"],\"categories\":[\"sudan\"]}",
            "tab_type": "view-and-edit-table"
        },
        "model": "tabbed_page.tabinstance",
        "pk": 4
    },
    {
        "fields": {
            "key": "ITEM_TYPE_CATEGORY",
            "value": "gAJYLAAAAHsiYWxsIjogImJhbmdsYWRlc2gtcmVmdWdlZS1jcmlzaXMtc2VjdG9ycyJ9cQEu"
        },
        "model": "data_layer.customconstance",
        "pk": 1
    },
  {
    "fields": {
      "multiplicity": "optional",
      "name": "Item Types",
      "slug": "item-types",
      "vocabulary": "closed"
    },
    "model": "taxonomies.taxonomy",
    "pk": 2
  },
  {
    "fields": {
      "multiplicity": "multiple",
      "name": "Tags",
      "slug": "tags",
      "vocabulary": "open"
    },
    "model": "taxonomies.taxonomy",
    "pk": 3
  },
  {
    "fields": {
      "multiplicity": "optional",
      "name": "Data Origins",
      "slug": "data-origins",
      "vocabulary": "closed"
    },
    "model": "taxonomies.taxonomy",
    "pk": 4
  },
  {
    "fields": {
      "multiplicity": "optional",
      "name": "Countries",
      "slug": "countries",
      "vocabulary": "closed"
    },
    "model": "taxonomies.taxonomy",
    "pk": 5
  },
  {
    "fields": {
      "multiplicity": "optional",
      "name": "Contexts",
      "slug": "contexts",
      "vocabulary": "closed"
    },
    "model": "taxonomies.taxonomy",
    "pk": 6
  },
  {
    "fields": {
      "multiplicity": "optional",
      "name": "South Sudan",
      "slug": "sudan",
      "vocabulary": "closed"
    },
    "model": "taxonomies.taxonomy",
    "pk": 7
  },
  {
    "fields": {
      "multiplicity": "optional",
      "name": "Age Ranges",
      "slug": "age-ranges",
      "vocabulary": "closed"
    },
    "model": "taxonomies.taxonomy",
    "pk": 8
  },
  {
    "fields": {
      "long_name": "Question",
      "name": "question",
      "taxonomy": 2
    },
    "model": "taxonomies.term",
    "pk": 29
  },
  {
    "fields": {
      "long_name": "Rumour",
      "name": "rumour",
      "taxonomy": 2
    },
    "model": "taxonomies.term",
    "pk": 30
  },
  {
    "fields": {
      "long_name": "Geopoll Spreadsheet",
      "name": "Geopoll Spreadsheet",
      "taxonomy": 4
    },
    "model": "taxonomies.term",
    "pk": 31
  },
  {
    "fields": {
      "long_name": "Rapidpro Spreadsheet",
      "name": "Rapidpro Spreadsheet",
      "taxonomy": 4
    },
    "model": "taxonomies.term",
    "pk": 32
  },
  {
    "fields": {
      "long_name": "Form Entry",
      "name": "Form Entry",
      "taxonomy": 4
    },
    "model": "taxonomies.term",
    "pk": 33
  },
  {
    "fields": {
      "long_name": "Liberia",
      "name": "Liberia",
      "taxonomy": 5
    },
    "model": "taxonomies.term",
    "pk": 34
  },
  {
    "fields": {
      "long_name": "Ebola-Liberia",
      "name": "Ebola-Liberia",
      "taxonomy": 6
    },
    "model": "taxonomies.term",
    "pk": 35
  },
  {
    "fields": {
      "long_name": "Water Sanitation Hygiene (WASH)",
      "name": "Water Sanitation Hygiene (WASH)",
      "taxonomy": 7
    },
    "model": "taxonomies.term",
    "pk": 54
  },
  {
    "fields": {
      "long_name": "NFI / Shelter",
      "name": "NFI / Shelter",
      "taxonomy": 7
    },
    "model": "taxonomies.term",
    "pk": 55
  },
  {
    "fields": {
      "long_name": "Health",
      "name": "Health",
      "taxonomy": 7
    },
    "model": "taxonomies.term",
    "pk": 56
  },
  {
    "fields": {
      "long_name": "Education",
      "name": "Education",
      "taxonomy": 7
    },
    "model": "taxonomies.term",
    "pk": 57
  },
  {
    "fields": {
      "long_name": "Nutrition",
      "name": "Nutrition",
      "taxonomy": 7
    },
    "model": "taxonomies.term",
    "pk": 58
  },
  {
    "fields": {
      "long_name": "Child Protection",
      "name": "Child Protection",
      "taxonomy": 7
    },
    "model": "taxonomies.term",
    "pk": 59
  },
  {
    "fields": {
      "long_name": "Food Security",
      "name": "Food Security",
      "taxonomy": 7
    },
    "model": "taxonomies.term",
    "pk": 60
  },
  {
    "fields": {
      "long_name": "GBV",
      "name": "GBV",
      "taxonomy": 7
    },
    "model": "taxonomies.term",
    "pk": 61
  },
  {
    "fields": {
      "long_name": "Site Management",
      "name": "Site Management",
      "taxonomy": 7
    },
    "model": "taxonomies.term",
    "pk": 62
  },
  {
    "fields": {
      "long_name": "Protection",
      "name": "Protection",
      "taxonomy": 7
    },
    "model": "taxonomies.term",
    "pk": 63
  },
    {
    "fields": {
      "long_name": "Camp Coordination and Camp Management (CCCM)",
      "name": "Camp Coordination and Camp Management (CCCM)",
      "taxonomy": 7
    },
    "model": "taxonomies.term",
    "pk": 64
  },
  {
    "fields": {
      "long_name": "Camp Coordination and Camp Management (CCCM) Education Health",
      "name": "Camp Coordination and Camp Management (CCCM) Education Health",
      "taxonomy": 7
    },
    "model": "taxonomies.term",
    "pk": 65
  },
  {
    "fields": {
      "long_name": "Camp Coordination and Camp Management (CCCM) Protection",
      "name": "Camp Coordination and Camp Management (CCCM) Protection",
      "taxonomy": 7
    },
    "model": "taxonomies.term",
    "pk": 73
  },
  {
    "fields": {
      "long_name": "Emergency Shelter and NFI",
      "name": "Emergency Shelter and NFI",
      "taxonomy": 7
    },
    "model": "taxonomies.term",
    "pk": 67
  },
  {
    "fields": {
      "long_name": "Food Security and Livelihoods (FSL)",
      "name": "Food Security and Livelihoods (FSL)",
      "taxonomy": 7
    },
    "model": "taxonomies.term",
    "pk": 68
  },
  {
    "fields": {
      "long_name": "Food Security and Livelihoods (FSL) Protection",
      "name": "Food Security and Livelihoods (FSL) Protection",
      "taxonomy": 7
    },
    "model": "taxonomies.term",
    "pk": 69
  },
  {
    "fields": {
      "long_name": "Security",
      "name": "Security",
      "taxonomy": 7
    },
    "model": "taxonomies.term",
    "pk": 70
  },
  {
    "fields": {
      "long_name": "Sub-Cluster Child Protection",
      "name": "Sub-Cluster Child Protection",
      "taxonomy": 7
    },
    "model": "taxonomies.term",
    "pk": 71
  },
  {
    "fields": {
      "long_name": "Sub-Cluster Gender Based Violence",
      "name": "Sub-Cluster Gender Based Violence",
      "taxonomy": 7
    },
    "model": "taxonomies.term",
    "pk": 72
  },
  {
    "fields": {
      "long_name": "Concern",
      "name": "concern",
      "taxonomy": 2
    },
    "model": "taxonomies.term",
    "pk": 66
  },
  {
    "model": "taxonomies.term",
    "pk": 420,
    "fields": {
        "name": "<11",
        "taxonomy": 8,
        "long_name": "<11"
    }
  },
  {
    "model": "taxonomies.term",
    "pk": 421,
    "fields": {
        "name": "11-14",
        "taxonomy": 8,
        "long_name": "11-14"
    }
  },
  {
    "model": "taxonomies.term",
    "pk": 422,
    "fields": {
        "name": "15-18",
        "taxonomy": 8,
        "long_name": "15-18"
    }
  },
  {
    "model": "taxonomies.term",
    "pk": 423,
    "fields": {
        "name": "19-25",
        "taxonomy": 8,
        "long_name": "19-25"
    }
  },
  {
    "model": "taxonomies.term",
    "pk": 424,
    "fields": {
        "name": "26-35",
        "taxonomy": 8,
        "long_name": "26-35"
    }
  },
  {
    "model": "taxonomies.term",
    "pk": 425,
    "fields": {
        "name": "36-45",
        "taxonomy": 8,
        "long_name": "36-45"
    }
  },
  {
    "model": "taxonomies.term",
    "pk": 426,
    "fields": {
        "name": "46-60",
        "taxonomy": 8,
        "long_name": "46-60"
    }
  },
  {
    "model": "taxonomies.term",
    "pk": 427,
    "fields": {
        "name": "60+",
        "taxonomy": 8,
        "long_name": "60+"
    }
  }
]
